"Time (s)","Linear Acceleration x (m/s^2)","Linear Acceleration y (m/s^2)","Linear Acceleration z (m/s^2)","Absolute acceleration (m/s^2)"
3.632291671E-3,1.239887827E-1,1.393588834E-2,-6.003219366E-1,6.131507602E-1
1.358529167E-2,4.314430196E-2,2.482859328E-2,-6.757211977E-1,6.775522319E-1
2.353829167E-2,2.342873331E-2,8.072629385E-2,-4.613803983E-1,4.689749588E-1
3.349129167E-2,-1.257443726E-2,1.443141793E-1,-1.474761343E-1,2.067218155E-1
4.344429167E-2,-6.370084640E-2,1.595227873E-1,1.429527283E-2,1.723649393E-1
5.339729167E-2,-8.042508915E-2,1.729657553E-1,7.938179970E-2,2.066078837E-1
6.335029168E-2,-5.157633411E-2,1.673038233E-1,1.729729182E-1,2.461103776E-1
7.330329168E-2,2.891378704E-2,1.410911941E-1,1.590524518E-1,2.145703022E-1
8.325629168E-2,3.301650418E-2,1.074638569E-1,4.571937919E-2,1.213623983E-1
9.320929168E-2,-2.550427560E-3,1.707127500E-1,-1.354215145E-3,1.707371711E-1
1.031632917E-1,-9.674273115E-3,2.055369392E-1,6.056545973E-3,2.058536050E-1
1.131162917E-1,-2.102730012E-2,2.129110090E-1,-2.376191497E-2,2.152623370E-1
1.230692917E-1,-4.867098056E-2,2.101542661E-1,-1.011527377E-1,2.382552335E-1
1.330222917E-1,1.318656765E-3,2.022499269E-1,-1.387713844E-1,2.452840576E-1
1.429752917E-1,2.667207420E-2,2.207940790E-1,-1.370792001E-1,2.612510899E-1
1.529282917E-1,2.028886987E-2,2.299967925E-1,-9.240588784E-2,2.486946137E-1
1.628812917E-1,4.233117353E-2,2.138815738E-1,-8.511908770E-2,2.340566490E-1
1.728342917E-1,2.144318333E-2,1.985710050E-1,-1.340468341E-1,2.405385788E-1
1.827872917E-1,1.822644727E-2,2.049795534E-1,-6.278506279E-2,2.151529335E-1
1.927402917E-1,3.189135371E-2,1.853586365E-1,-4.373951197E-2,1.931010810E-1
2.026932917E-1,1.212301394E-2,1.751820693E-1,-8.223757982E-2,1.939039567E-1
2.126462917E-1,3.159689158E-2,1.445832244E-1,-5.017612696E-2,1.562700100E-1
2.225992917E-1,2.942245826E-3,1.660547119E-1,1.391754270E-2,1.666628997E-1
2.325522917E-1,3.751701470E-2,2.286922055E-1,-3.043300331E-2,2.337387836E-1
2.425052917E-1,7.886242077E-2,2.837026642E-1,-1.080062592E-1,3.136428464E-1
2.524582917E-1,6.308794856E-2,3.250877217E-1,-1.917319554E-1,3.826529221E-1
2.624112917E-1,2.125106575E-2,3.768786304E-1,-2.645607805E-1,4.609571742E-1
2.723642917E-1,5.115237443E-2,3.893174122E-1,-2.667353600E-1,4.746918634E-1
2.823172917E-1,8.825558899E-2,4.176367933E-1,-2.959100425E-1,5.193960852E-1
2.922702917E-1,5.010681918E-2,4.304784483E-1,-1.715830350E-1,4.661149275E-1
3.022242917E-1,5.905700600E-2,4.414676323E-1,-2.900511324E-2,4.463436982E-1
3.121772917E-1,3.237893840E-2,4.053626836E-1,-1.714052796E-2,4.070148629E-1
3.221302917E-1,1.812501635E-2,3.878963196E-1,-8.735915601E-2,3.980247393E-1
3.320832917E-1,6.460431430E-2,4.057382210E-1,-2.396639210E-1,4.756427404E-1
3.420362917E-1,1.165202437E-1,4.775679032E-1,-3.474374610E-1,6.019641673E-1
3.519892917E-1,1.547720524E-1,5.247999571E-1,-3.403746092E-1,6.443789706E-1
3.619422917E-1,1.847903420E-1,5.250901982E-1,-3.218728495E-1,6.430157992E-1
3.718952917E-1,1.445893639E-1,5.383271250E-1,-3.309436351E-1,6.482483068E-1
3.818482917E-1,2.447191313E-2,5.429262525E-1,-3.113677418E-1,6.263526649E-1
3.918012917E-1,-8.658924216E-2,5.797709470E-1,-2.276402915E-1,6.288498630E-1
4.017542917E-1,-1.645289175E-1,5.368680254E-1,-1.566393059E-1,5.829518965E-1
4.117072917E-1,-1.786336442E-1,5.636438877E-1,-2.688333410E-1,6.495196504E-1
4.216602917E-1,-1.640797417E-1,6.119269055E-1,-3.967376751E-1,7.475142020E-1
4.316132917E-1,-1.559492614E-1,6.578431897E-1,-3.735827011E-1,7.724259634E-1
4.415662917E-1,-1.026289770E-1,7.129502005E-1,-2.801482880E-1,7.728607628E-1
4.515192917E-1,-8.841985920E-2,7.456370131E-1,-2.364023441E-1,7.871967321E-1
4.614722917E-1,-1.485331464E-1,7.472404658E-1,-1.873371881E-1,7.845544158E-1
4.714252917E-1,-1.672640440E-1,6.906682158E-1,-1.417838699E-1,7.246395728E-1
4.813782917E-1,-1.518074593E-1,6.949758596E-1,-1.686968493E-1,7.310920442E-1
4.913312917E-1,-1.516245328E-1,7.351677196E-1,-2.954703319E-1,8.066996294E-1
5.012842917E-1,-7.291450510E-2,7.549828371E-1,-4.099751866E-1,8.622037248E-1
5.112382917E-1,-4.814356171E-2,7.544261091E-1,-4.998012829E-1,9.062438298E-1
5.211912917E-1,-9.151977886E-2,7.679041605E-1,-4.190775472E-1,8.795900523E-1
5.311442917E-1,-1.412428928E-1,7.691605809E-1,-3.497769320E-1,8.566804866E-1
5.410970833E-1,-1.914157124E-1,8.072483935E-1,-2.887489575E-1,8.784451629E-1
5.510500833E-1,-1.861040834E-1,9.387274960E-1,-2.918485665E-1,1.000509684E0
5.610030833E-1,-1.903755476E-1,1.015885819E0,-3.036540949E-1,1.077252364E0
5.709560833E-1,-2.606093601E-1,1.030675985E0,-3.073910505E-1,1.106661413E0
5.809090833E-1,-2.191175726E-1,1.051398079E0,-4.291885525E-1,1.156569602E0
5.908620833E-1,-1.605876566E-1,1.108400465E0,-5.367358053E-1,1.241944166E0
6.008150833E-1,-9.801418992E-2,1.120719744E0,-4.574797207E-1,1.214457583E0
6.107680833E-1,-5.821124280E-2,1.084187803E0,-2.574850649E-1,1.115863029E0
6.207210833E-1,-5.902391441E-2,1.015288306E0,-1.258595628E-1,1.024760849E0
6.306740833E-1,-5.905687809E-5,1.038368290E0,-1.133289796E-1,1.044534426E0
6.406270833E-1,5.251298496E-2,1.084692637E0,-1.886797088E-1,1.102232173E0
6.505800833E-1,6.818306610E-2,1.129777374E0,-1.562007648E-1,1.142560512E0
6.605330833E-1,6.888029175E-2,1.110151633E0,1.550681591E-3,1.112287529E0
6.704860833E-1,7.483372573E-2,1.060408054E0,-2.154698968E-3,1.063047492E0
6.804390833E-1,1.490257378E-1,1.124085255E0,-2.658717263E-1,1.164673391E0
6.903920833E-1,3.323183886E-1,1.250862392E0,-5.334894311E-1,1.399893999E0
7.003450833E-1,4.982325480E-1,1.351433917E0,-6.619650382E-1,1.585183591E0
7.102980833E-1,5.457424543E-1,1.432440219E0,-6.217332709E-1,1.654168090E0
7.202510833E-1,4.912372316E-1,1.447333516E0,-5.013291603E-1,1.608545695E0
7.302050833E-1,4.900581040E-1,1.429022083E0,-4.146436036E-1,1.566585579E0
7.401580833E-1,5.065399066E-1,1.432680101E0,-3.014841932E-1,1.549208723E0
7.501110833E-1,5.706345629E-1,1.403414202E0,-2.185730141E-1,1.530676122E0
7.600640833E-1,5.655168240E-1,1.336725538E0,-1.062865931E-1,1.455314840E0
7.700170833E-1,5.274928557E-1,1.294384827E0,-8.796551228E-3,1.397768998E0
7.799700833E-1,5.616800638E-1,1.276977227E0,-6.270437121E-2,1.396455216E0
7.899230833E-1,5.878460249E-1,1.315154137E0,-2.410970736E-1,1.460589316E0
7.998760833E-1,6.152852538E-1,1.381309827E0,-3.856443375E-1,1.560549370E0
8.098290833E-1,5.558492569E-1,1.478890354E0,-4.201534349E-1,1.634813135E0
8.197820833E-1,4.601249280E-1,1.627470297E0,-4.436224043E-1,1.748478011E0
8.297350833E-1,3.110897067E-1,1.755428133E0,-4.306807619E-1,1.834063972E0
8.396880833E-1,2.599120065E-1,1.872931001E0,-4.469757825E-1,1.942990514E0
8.496410833E-1,2.778271261E-1,2.021561376E0,-4.686443943E-1,2.093687149E0
8.595940833E-1,3.484150789E-1,2.110769421E0,-4.978676087E-1,2.196500119E0
8.695470833E-1,3.780839973E-1,2.135981154E0,-5.984964359E-1,2.250235761E0
8.795000833E-1,3.519575780E-1,2.133684513E0,-8.826003653E-1,2.335694146E0
8.894530833E-1,2.805454967E-1,2.066524418E0,-1.090250781E0,2.353269154E0
8.994060833E-1,2.519390722E-1,2.005314887E0,-1.207260582E0,2.354196085E0
9.093590833E-1,1.879843835E-1,1.983788947E0,-1.182281862E0,2.317012542E0
9.193120833E-1,1.197449832E-1,2.003833349E0,-1.107038137E0,2.292426746E0
9.292650833E-1,3.772161243E-2,2.031408818E0,-9.775614864E-1,2.254699795E0
9.392180833E-1,7.015193325E-2,2.113781176E0,-8.830242884E-1,2.291882206E0
9.491710833E-1,1.420296722E-1,2.172804579E0,-9.683170384E-1,2.383042184E0
9.591250833E-1,1.690403915E-1,2.181558153E0,-1.087364595E0,2.443385437E0
9.690780833E-1,1.762902263E-1,2.151817168E0,-1.174618501E0,2.457869807E0
9.790310833E-1,1.929424387E-1,2.169867815E0,-1.163454412E0,2.469651653E0
9.889840833E-1,2.005074384E-1,2.179457833E0,-1.179458241E0,2.486234386E0
9.989370833E-1,1.821753758E-1,2.221516563E0,-1.229830835E0,2.545743033E0
1.008890083E0,2.227643166E-1,2.266868006E0,-1.210054382E0,2.579253013E0
1.018843083E0,3.230706516E-1,2.373467279E0,-1.008233641E0,2.598895274E0
1.028796083E0,4.344499502E-1,2.562244636E0,-6.923044860E-1,2.689447869E0
1.038749083E0,5.468544120E-1,2.764020354E0,-5.303716958E-1,2.867080815E0
1.048702083E0,6.511082205E-1,2.900482088E0,-5.142170084E-1,3.016812455E0
1.058655083E0,7.639711770E-1,2.925946128E0,-4.868491155E-1,3.062978087E0
1.068608083E0,8.696831350E-1,2.705207305E0,-4.738963634E-1,2.880811185E0
1.078561083E0,7.479290485E-1,2.799747134E0,-4.198786157E-1,2.928187140E0
1.088514083E0,4.364999110E-1,2.846688874E0,-1.714368546E-1,2.885058112E0
1.098467083E0,8.749302071E-2,2.801817633E0,4.164884001E-1,2.833954775E0
1.108420083E0,-1.654134916E-1,2.730632753E0,1.038594723E0,2.926157182E0
1.118373083E0,-2.759738146E-1,2.746478707E0,1.399762031E0,3.094937896E0
1.128326083E0,-2.043349709E-1,2.814754305E0,1.510444561E0,3.200943197E0
1.138279083E0,-5.764989182E-2,2.896434646E0,1.594605875E0,3.306875423E0
1.148232083E0,1.205725104E-1,2.986707469E0,1.729343265E0,3.453344374E0
1.158185083E0,2.253139402E-1,2.982577581E0,1.916467030E0,3.552376849E0
1.168138083E0,2.721590545E-1,2.826378863E0,2.138634328E0,3.554749613E0
1.178091083E0,2.520784369E-1,2.630577830E0,2.494998148E0,3.634349875E0
1.188044083E0,1.499533072E-1,2.397535881E0,2.942290265E0,3.798386012E0
1.197997083E0,-1.756174676E-3,2.098337364E0,3.024787461E0,3.681353279E0
1.207950083E0,-2.907366088E-1,1.812812415E0,2.910938664E0,3.441566581E0
1.217903083E0,-5.508806585E-1,1.513552503E0,2.938134064E0,3.350662988E0
1.227857083E0,-6.203195603E-1,1.091480523E0,2.991988090E0,3.244706276E0
1.237810083E0,-5.781860227E-1,4.281800540E-1,2.783473456E0,2.874954211E0
1.247763083E0,-3.625623807E-1,-4.744620815E-2,2.243844448E0,2.273442441E0
1.257716083E0,-6.983873262E-2,-9.822415978E-2,1.297876053E0,1.303459889E0
1.267669083E0,-3.875901813E-2,-1.013986132E-1,3.907624054E-1,4.055603503E-1
1.277622083E0,-2.471880816E-1,-1.639357540E-1,1.917009652E-1,3.531658805E-1
1.287575083E0,-3.343452528E-1,-3.944267093E-1,9.462876534E-1,1.078341087E0
1.297528083E0,-2.312006903E0,-8.352697858E-1,2.301740069E0,3.367648866E0
1.307481083E0,-2.315068067E0,-8.997787540E-1,3.394530880E0,4.206183764E0
1.317434083E0,-1.687590930E0,-1.308002553E0,3.041948454E0,3.716488157E0
1.327387083E0,-1.606727738E0,-2.024942090E0,2.712782373E0,3.747152611E0
1.337340083E0,-8.509984305E-1,-2.477956438E0,2.623667883E0,3.707842984E0
1.347293083E0,1.623393728E-1,-2.630590109E0,2.167737089E0,3.412541938E0
1.357246083E0,8.222035246E-1,-2.946504938E0,1.590867750E0,3.448009597E0
1.367199083E0,1.080071217E0,-3.372814906E0,1.904443985E0,4.021111926E0
1.377152083E0,1.065310359E0,-3.693753955E0,2.589573938E0,4.635148069E0
1.387105083E0,7.012491180E-1,-3.940110892E0,3.097981737E0,5.060999408E0
1.397058083E0,1.640573030E-1,-4.097742470E0,3.094263493E0,5.137399606E0
1.407011083E0,-4.256162692E-1,-4.248901473E0,2.594125410E0,4.996378647E0
1.416964083E0,-8.129571033E-1,-4.304495630E0,2.087425582E0,4.852517640E0
1.426917083E0,-9.230598816E-1,-4.266969370E0,1.894080380E0,4.758845200E0
1.436870083E0,-6.437011139E-1,-4.193043022E0,1.873529171E0,4.637464012E0
1.446823083E0,-2.763234233E-1,-4.158734484E0,1.891383060E0,4.576981213E0
1.456776083E0,-6.413824554E-2,-4.152658350E0,1.965057392E0,4.594576764E0
1.466729083E0,8.024799161E-2,-4.093456169E0,1.960659701E0,4.539494422E0
1.476682083E0,2.033425157E-1,-4.017781504E0,1.933992890E0,4.463658240E0
1.486635083E0,1.922300834E-1,-3.977642123E0,1.734219258E0,4.343513059E0
1.496588083E0,1.532830407E-1,-3.947610238E0,1.259047617E0,4.146362645E0
1.506541083E0,1.638926125E-1,-3.876645505E0,7.603748471E-1,3.953910858E0
1.516495083E0,1.733459888E-1,-3.812377589E0,4.229758859E-1,3.839684923E0
1.526448083E0,1.556306430E-1,-3.602985288E0,1.516463685E-1,3.609531895E0
1.536401083E0,1.153899221E-1,-3.329943413E0,7.095420778E-2,3.332697477E0
1.546353667E0,-3.390986737E-2,-3.032982919E0,-3.642786115E-1,3.054968768E0
1.556306667E0,-3.915902980E-1,-2.797213243E0,-7.322830689E-1,2.917873092E0
1.566259667E0,-5.022316781E-1,-2.542948825E0,-8.637623906E-1,2.732198904E0
1.576212667E0,-4.215490922E-1,-2.520810682E0,-7.881584769E-1,2.674581073E0
1.586165667E0,-2.526762782E-1,-2.523791592E0,-5.990916824E-1,2.606200327E0
1.596118667E0,-5.372962243E-1,-2.435270887E0,-6.172385162E-1,2.569088342E0
1.606071667E0,3.702632002E-1,-2.358889147E0,-6.733916670E-1,2.480908943E0
1.616024667E0,4.318945708E-1,-2.479332873E0,-8.803497720E-1,2.666203318E0
1.625977667E0,-3.239754899E-3,-2.534794883E0,-1.376482512E0,2.884423634E0
1.635930667E0,7.640732110E-2,-2.265024818E0,-1.601631305E0,2.775139337E0
1.645883667E0,5.928942368E-2,-1.940966864E0,-1.964839291E0,2.762509917E0
1.655836667E0,-1.687953749E-1,-1.721543372E0,-2.290468392E0,2.870269833E0
1.665789667E0,-3.115582514E-1,-1.647814514E0,-2.448864201E0,2.968046006E0
1.675742667E0,-3.671966645E-1,-1.616070711E0,-2.466704056E0,2.971724556E0
1.685695667E0,-4.348518001E-1,-1.515518044E0,-2.407409196E0,2.877761295E0
1.695648667E0,-3.840979683E-1,-1.410341983E0,-2.252735724E0,2.685407605E0
1.705601667E0,-2.564820298E-1,-1.378782514E0,-2.242680852E0,2.645078762E0
1.715554667E0,-1.615343025E-1,-1.376875152E0,-2.174468404E0,2.578796494E0
1.725507667E0,-2.329433871E-2,-1.339383390E0,-1.857206669E0,2.289914213E0
1.735460667E0,1.372259561E-1,-1.235551751E0,-1.468199013E0,1.923805456E0
1.745413667E0,2.561333713E-1,-1.167595995E0,-1.103407016E0,1.626773418E0
1.755366667E0,2.653182508E-1,-1.194406356E0,-8.509271675E-1,1.490327938E0
1.765319667E0,2.220469911E-1,-1.316958295E0,-6.797791654E-1,1.498593918E0
1.775272667E0,1.156318690E-1,-1.431364039E0,-5.757022351E-1,1.547128568E0
1.785225667E0,5.399223916E-2,-1.514868711E0,-5.851618606E-1,1.624855925E0
1.795178667E0,3.152720236E-2,-1.516987449E0,-5.343589121E-1,1.608659172E0
1.805131667E0,1.107185085E-1,-1.654944755E0,-2.953171349E-1,1.684729338E0
1.815084667E0,7.124813086E-2,-1.547356133E0,-1.719081402E-2,1.549090967E0
1.825037667E0,6.841436916E-2,-1.572373299E0,2.285080183E-1,1.590362925E0
1.834991667E0,3.909241905E-2,-1.639229632E0,4.371729255E-1,1.696974417E0
1.844943667E0,2.048673416E-2,-1.603184325E0,3.165963221E-1,1.634274432E0
1.854897667E0,3.316617234E-2,-1.455667699E0,-1.639208436E-2,1.456137749E0
1.864850667E0,1.541072629E-2,-1.309918393E0,-3.049679643E-1,1.345038716E0
1.874803667E0,1.426509914E-2,-1.079542336E0,-4.343931592E-1,1.163749357E0
1.884756667E0,-4.249020866E-2,-9.306482519E-1,-4.978629309E-1,1.056304447E0
1.894709667E0,-1.325353837E-1,-8.998671931E-1,-5.396640909E-1,1.057621825E0
1.904662667E0,-1.977797306E-1,-8.575767674E-1,-6.505308080E-1,1.094415399E0
1.914615667E0,-2.609018305E-1,-8.034701420E-1,-6.705844188E-1,1.078571971E0
1.924568667E0,-2.579760848E-1,-7.535477842E-1,-6.423721880E-1,1.023243838E0
1.934521667E0,-2.085315176E-1,-7.292062640E-1,-6.477627361E-1,9.974085079E-1
1.944474667E0,-2.094110850E-1,-6.993958430E-1,-6.300170213E-1,9.643282609E-1
1.954427667E0,-1.748806088E-1,-6.593431467E-1,-5.909289694E-1,9.025041048E-1
1.964380667E0,-1.119736316E-1,-6.302092485E-1,-4.215836638E-1,7.664428072E-1
1.974333667E0,-2.038013211E-2,-6.022352917E-1,-2.836881924E-1,6.660192842E-1
1.984286667E0,1.367662827E-2,-5.720108879E-1,-2.417431909E-1,6.211467430E-1
1.994239667E0,3.938741108E-2,-5.761678196E-1,-2.037661099E-1,6.124061986E-1
2.004192667E0,1.256529002E-1,-7.429561378E-1,-9.530493736E-2,7.595100428E-1
2.014145667E0,1.273506119E-1,-6.317175378E-1,1.024595904E-1,6.525206461E-1
2.024098667E0,2.303676886E-1,-5.557937814E-1,3.563024247E-1,6.992334498E-1
2.034051667E0,3.196847848E-1,-6.297069727E-1,4.888903785E-1,8.589196908E-1
2.044004667E0,4.696210255E-1,-7.062160353E-1,4.388317806E-1,9.549127331E-1
2.053957667E0,6.359260713E-1,-7.107642920E-1,3.780751169E-1,1.025928185E0
2.063910667E0,6.846289191E-1,-6.761139844E-1,3.308717144E-1,1.017508215E0
2.073863667E0,7.345521540E-1,-6.083957720E-1,2.983863384E-1,9.993731482E-1
2.083816667E0,7.032688194E-1,-6.012718168E-1,2.856680596E-1,9.683599900E-1
2.093769667E0,6.226650247E-1,-6.249071395E-1,1.970862508E-1,9.039157352E-1
2.103722667E0,6.479081856E-1,-6.036452016E-1,4.901779354E-2,8.868907996E-1
2.113675667E0,6.570553505E-1,-5.839422776E-1,-3.763618827E-2,8.798447589E-1
2.123628667E0,6.182683571E-1,-4.975470351E-1,-9.535405397E-2,7.993129607E-1
2.133581667E0,6.367918246E-1,-4.117221884E-1,-1.158865517E-1,7.671040876E-1
2.143534667E0,6.875148855E-1,-3.555161203E-1,-1.446028125E-1,7.873870732E-1
2.153487667E0,6.935878037E-1,-3.704329522E-1,-1.680676889E-1,8.040717391E-1
2.163440667E0,6.775085454E-1,-3.719802716E-1,-1.898807269E-1,7.958905968E-1
2.173393667E0,6.801787495E-1,-3.067249064E-1,-4.514851552E-1,8.721021413E-1
2.183346667E0,6.854344462E-1,-2.411928217E-1,-7.159500414E-1,1.020087653E0
2.193299667E0,6.683097788E-1,-2.222732784E-1,-8.583174634E-1,1.110293762E0
2.203253667E0,7.176726311E-1,-1.849190721E-1,-7.836432570E-1,1.078585102E0
2.213206667E0,8.217583323E-1,-2.356597477E-1,-6.213210422E-1,1.056816971E0
2.223159667E0,9.994385514E-1,-2.903870550E-1,-3.998887396E-1,1.114949803E0
2.233112667E0,1.105142689E0,-3.216181301E-1,-2.072621602E-1,1.169502538E0
2.243065667E0,1.187770497E0,-3.492044165E-1,-2.116259372E-1,1.255996821E0
2.253018667E0,1.201693887E0,-3.610660051E-1,-3.352968872E-1,1.298792077E0
2.262971667E0,1.127804011E0,-4.404673930E-1,-4.789945507E-1,1.302071116E0
2.272924667E0,9.821832718E-1,-6.018903060E-1,-7.418222165E-1,1.370129965E0
2.282877667E0,8.926136490E-1,-4.796948279E-1,-1.108899890E0,1.502173499E0
2.292830667E0,8.850718372E-1,-4.567863140E-1,-1.196160228E0,1.556536278E0
2.302783667E0,8.687738930E-1,-4.101644902E-1,-1.276005712E0,1.597245618E0
2.312736667E0,9.828254423E-1,-4.461954716E-1,-1.313003969E0,1.699710467E0
2.322689667E0,1.181099628E0,-5.413162947E-1,-1.286219628E0,1.828217874E0
2.332642667E0,1.394383762E0,-5.448217736E-1,-1.023583167E0,1.813521255E0
2.342595667E0,1.516404774E0,-5.676534697E-1,-7.905301076E-1,1.801846762E0
2.352548667E0,1.567170593E0,-5.981211177E-1,-4.209480715E-1,1.729442054E0
2.362501667E0,1.628351326E0,-6.208732186E-1,-5.712144971E-2,1.743638281E0
2.372454667E0,1.811130902E0,-7.227331770E-1,4.143436414E-1,1.993544342E0
2.382407667E0,1.933112884E0,-5.599319290E-1,3.290567386E-1,2.039295840E0
2.392360667E0,2.115028095E0,-4.129378977E-1,-1.714403629E-3,2.154962758E0
2.402313667E0,2.279021152E0,-4.061595129E-1,-5.465760845E-1,2.378581168E0
2.412266667E0,2.306905207E0,-4.204663340E-1,-1.286896151E0,2.674828084E0
2.422219667E0,2.220445792E0,-5.163872755E-1,-1.837567041E0,2.928086058E0
2.432172667E0,2.106500223E0,-6.151704291E-1,-1.988957886E0,2.961710877E0
2.442125667E0,2.157927362E0,-3.796600047E-1,-2.093601412E0,3.030504758E0
2.452078667E0,2.200046757E0,-2.444442391E-1,-1.846340788E0,2.882521990E0
2.462031667E0,2.260684137E0,-3.154031246E-1,-1.373694559E0,2.664058678E0
2.471984667E0,2.432087955E0,-5.034324038E-1,-9.765019709E-1,2.668717314E0
2.481937667E0,2.671205161E0,-6.126013087E-1,-5.539874303E-1,2.795982734E0
2.491890667E0,2.922140175E0,-4.586141536E-1,-2.074884474E-1,2.965178174E0
2.501843667E0,3.094426630E0,-1.418221691E-1,-1.882978857E-1,3.103392626E0
2.511796667E0,3.007266279E0,1.861428212E-1,-5.467649496E-1,3.062229831E0
2.521749667E0,2.660730459E0,3.932539771E-1,-1.255580218E0,2.968268342E0
2.531702667E0,2.383945490E0,4.250768635E-1,-1.791010340E0,3.011910436E0
2.541655917E0,2.357416380E0,4.211134015E-1,-1.715957235E0,2.946057996E0
2.551608917E0,2.594155523E0,4.670796794E-1,-1.108032748E0,2.859290625E0
2.561561917E0,2.976696159E0,3.786181039E-1,-2.031878203E-1,3.007549997E0
2.571514917E0,3.489564507E0,2.246216664E-1,8.325505382E-1,3.594531366E0
2.581467917E0,3.669917196E0,1.450248353E-2,1.244956412E0,3.875360501E0
2.591420917E0,3.857893192E0,-1.665545026E-1,1.322902136E0,4.081807240E0
2.601373917E0,3.969694002E0,-4.279427301E-1,1.841095836E0,4.396730527E0
2.611326917E0,3.832342322E0,-5.004262771E-1,1.817235103E0,4.270786526E0
2.621279917E0,3.417649602E0,-3.468720353E-1,1.575574942E0,3.779296946E0
2.631233917E0,3.032499646E0,-1.443935553E-1,1.721595705E0,3.490099622E0
2.641186917E0,2.746434268E0,-3.996696152E-2,1.837407997E0,3.304628072E0
2.651139917E0,2.634523239E0,-2.953012012E-2,2.082836103E0,3.358540003E0
2.661092917E0,2.719143266E0,-6.367186613E-2,2.745524442E0,3.864673165E0
2.671045917E0,2.694468016E0,-1.809957366E-1,3.500948451E0,4.421488144E0
2.680998917E0,2.586937428E0,-3.493818064E-1,3.830025070E0,4.635019411E0
2.690951917E0,2.229040175E0,-6.782502647E-1,3.976727033E0,4.609013064E0
2.700904917E0,1.876033826E0,-9.672251440E-1,3.678007988E0,4.240609645E0
2.710857917E0,1.942028279E0,-8.896230906E-1,3.220501955E0,3.864522729E0
2.720810917E0,2.347774906E0,-6.165225247E-1,2.935265420E0,3.808927686E0
2.730763917E0,2.556193938E0,-7.262169481E-1,2.995886428E0,4.004604100E0
2.740716917E0,2.181166974E0,-1.055206371E0,3.062682681E0,3.905249680E0
2.750669917E0,1.716257197E0,-1.092195930E0,2.992959897E0,3.618872706E0
2.760622917E0,1.208130210E0,-9.417700215E-1,2.957095415E0,3.330303690E0
2.770575917E0,8.020422520E-1,-6.439766639E-1,2.807275132E0,2.989777815E0
2.780528917E0,5.618374635E-1,-3.785646750E-1,2.559776527E0,2.647910198E0
2.790481917E0,3.440947906E-1,-1.650853166E-1,2.351953619E0,2.382716981E0
2.800434917E0,7.024402689E-2,1.798091903E-1,2.068156083E0,2.077145915E0
2.810387917E0,-1.119883592E-1,2.908090047E-1,1.668020006E0,1.696880082E0
2.820340917E0,-4.536019204E-1,7.731334716E-3,1.453990279E0,1.523122519E0
2.830293917E0,-1.045297387E0,-2.944795943E-1,1.630441121E0,1.959005642E0
2.840246917E0,-1.770318360E0,-4.997803060E-1,1.969020050E0,2.694595964E0
2.850199917E0,-2.409781266E0,-5.783140767E-1,2.397192357E0,3.447901407E0
2.860152917E0,-2.718104801E0,-5.557551533E-1,2.771659741E0,3.921613854E0
2.870105917E0,-2.768112236E0,-5.505814638E-1,2.954723200E0,4.086070788E0
2.880058917E0,-2.708120388E0,-5.970622235E-1,2.936403873E0,4.038919043E0
2.890011917E0,-2.718797404E0,-5.184966220E-1,2.212993369E0,3.543732174E0
2.899964917E0,-2.741167096E0,-2.235060542E-1,1.710402964E0,3.238739000E0
2.909917917E0,-2.761429453E0,1.782217809E-1,1.172466726E0,3.005317595E0
2.919870917E0,-2.890331907E0,2.169425911E-1,1.088004280E0,3.095938619E0
2.929823917E0,-3.156634865E0,7.704718921E-2,1.278068025E0,3.406425960E0
2.939776917E0,-3.379254152E0,-5.246746805E-2,1.332413217E0,3.632827610E0
2.949729917E0,-3.544524241E0,-8.936840549E-2,1.100535448E0,3.712521661E0
2.959682917E0,-3.605579113E0,-1.708790302E-2,7.277906531E-1,3.678338208E0
2.969635917E0,-3.566256588E0,1.604389363E-1,5.073208022E-1,3.605731701E0
2.979588917E0,-3.498112844E0,2.577491397E-1,3.674051178E-1,3.526785308E0
2.989541917E0,-3.231801115E0,4.462703525E-1,3.446050698E-1,3.280617065E0
2.999494917E0,-3.067014591E0,6.001817862E-1,6.303240001E-2,3.125823053E0
3.009447917E0,-2.906121728E0,6.807003942E-1,-3.781078613E-1,3.008631263E0
3.019400917E0,-2.671110436E0,4.906221776E-1,-5.848811942E-1,2.778061752E0
3.029353917E0,-2.429210248E0,4.055178541E-1,-1.077487478E0,2.688212496E0
3.039306917E0,-2.349214783E0,3.526087751E-1,-1.399031129E0,2.756887946E0
3.049259917E0,-2.407894515E0,2.670433256E-1,-1.484004037E0,2.841044899E0
3.059212917E0,-2.531954305E0,1.547402399E-1,-1.351532443E0,2.874261138E0
3.069165917E0,-2.651690664E0,6.352254286E-2,-1.042294841E0,2.849890704E0
3.079118917E0,-2.727213301E0,3.861011513E-2,-7.497451937E-1,2.828657099E0
3.089071917E0,-2.635782144E0,-2.441746093E-2,-5.911061400E-1,2.701360804E0
3.099024917E0,-2.415317556E0,-1.575302023E-1,-3.861167926E-1,2.451053006E0
3.108978917E0,-2.158485625E0,-2.081614985E-1,-1.617193669E-1,2.174521684E0
3.118931917E0,-1.900738605E0,-6.734464847E-2,-1.103884149E-1,1.905132055E0
3.128884917E0,-1.765550102E0,1.200111046E-1,-1.808660746E-1,1.778842985E0
3.138837917E0,-1.739297711E0,2.139570759E-1,-3.891169989E-1,1.795089468E0
3.148790917E0,-1.777145130E0,2.659261785E-1,-8.592454165E-1,1.991799245E0
3.158743917E0,-1.845546882E0,3.146022023E-1,-1.395128698E0,2.334823746E0
3.168696917E0,-1.795504510E0,3.200766579E-1,-1.775256187E0,2.545156193E0
3.178649917E0,-1.699578306E0,2.982424968E-1,-2.038724708E0,2.670938682E0
3.188602917E0,-1.534046701E0,1.689394357E-1,-2.128935551E0,2.629487858E0
3.198555917E0,-1.352023609E0,-1.841726750E-2,-1.978144045E0,2.396113707E0
3.208508917E0,-1.212515768E0,-1.248464596E-1,-1.835245696E0,2.203158617E0
3.218461917E0,-1.251948805E0,-5.819711812E-2,-1.626513546E0,2.053365294E0
3.228414917E0,-1.238812012E0,1.130222201E-1,-1.233415178E0,1.751782585E0
3.238367917E0,-1.042963763E0,1.606325888E-1,-6.521101409E-1,1.240493400E0
3.248320917E0,-7.616417925E-1,-2.725474924E-2,3.172757685E-2,7.627894078E-1
3.258273917E0,-5.074434841E-1,-2.913674138E-1,7.360714799E-1,9.403164802E-1
3.268226917E0,-3.520175119E-1,-4.896848689E-1,1.255775515E0,1.393082820E0
3.278179917E0,-3.309266051E-1,-6.367098174E-1,1.475710346E0,1.640924384E0
3.288132917E0,-4.336025060E-1,-7.155537464E-1,1.340443783E0,1.580132220E0
3.298085917E0,-6.341142384E-1,-6.470544921E-1,1.006439130E0,1.354141834E0
3.308038917E0,-7.626459056E-1,-4.837612740E-1,5.196332842E-1,1.041956092E0
3.317991917E0,-8.447680760E-1,-2.971612736E-1,9.646151662E-3,8.955618198E-1
3.327944917E0,-9.559554398E-1,-1.053982548E-1,-6.594150674E-1,1.166099407E0
3.337897917E0,-1.035517553E0,7.823282182E-2,-1.229311602E0,1.609230870E0
3.347850917E0,-1.154454524E0,1.489780647E-1,-1.482999485E0,1.885271117E0
3.357803917E0,-1.208461235E0,1.796271227E-1,-1.507647253E0,1.940526913E0
3.367756917E0,-1.184588442E0,2.029418718E-1,-1.448140140E0,1.881899318E0
3.377709917E0,-1.189673693E0,1.889076041E-1,-1.353738012E0,1.812075104E0
3.387662917E0,-1.114405263E0,1.057099114E-1,-1.112935054E0,1.578511359E0
3.397615917E0,-1.005240743E0,3.176865354E-3,-6.832693684E-1,1.215473601E0
3.407568917E0,-8.450805366E-1,-1.104862826E-1,-2.889951253E-1,8.999369503E-1
3.417521917E0,-6.629595034E-1,-2.590937801E-1,6.593729675E-2,7.148374760E-1
3.427474917E0,-5.268028842E-1,-4.047113038E-1,4.042209417E-1,7.776291455E-1
3.437427917E0,-4.614949306E-1,-4.524697533E-1,6.542630857E-1,9.196557149E-1
3.447380917E0,-4.049694218E-1,-4.189169680E-1,7.041690713E-1,9.139725049E-1
3.457333917E0,-4.195354938E-1,-3.591072609E-1,5.574799722E-1,7.846986523E-1
3.467286917E0,-3.677257644E-1,-3.757737259E-1,3.392472661E-1,6.257130640E-1
3.477239917E0,-2.902149276E-1,-3.951344416E-1,1.084424615E-1,5.021112413E-1
3.487192917E0,-2.477111515E-1,-4.011958846E-1,-6.939534009E-2,4.765864724E-1
3.497145917E0,-1.481302276E-1,-3.807046098E-1,-2.437943941E-1,4.757249950E-1
3.507098917E0,-4.042343720E-2,-3.544427177E-1,-4.208673799E-1,5.517182668E-1
3.517051917E0,7.777958952E-2,-3.883271863E-1,-4.150002837E-1,5.736487633E-1
3.527004917E0,2.527366872E-1,-4.275513321E-1,-3.096890062E-1,5.853061210E-1
3.536957917E0,3.197571807E-1,-4.399876289E-1,-2.357129574E-1,5.927852617E-1
3.546910667E0,2.962082688E-1,-4.822716227E-1,-1.033828658E-1,5.753375301E-1
3.556863667E0,2.606436942E-1,-4.722486180E-1,-3.570660710E-2,5.405819589E-1
3.566816667E0,2.739304685E-1,-4.902650589E-1,3.779055476E-2,5.628728591E-1
3.576769667E0,3.262703942E-1,-4.777773066E-1,3.653808117E-2,5.797055772E-1
3.586722667E0,2.383488091E-1,-4.696869528E-1,-1.309022015E-1,5.427258745E-1
3.596675667E0,8.891993319E-2,-5.039278091E-1,-3.310354364E-1,6.094542243E-1
3.606628667E0,-1.223943931E-1,-5.070693719E-1,-5.041995585E-1,7.254770363E-1
3.616581667E0,-2.562225048E-1,-4.732845984E-1,-6.072117108E-1,8.113903776E-1
3.626534667E0,-3.574194621E-1,-4.056583335E-1,-6.185547245E-1,8.215335067E-1
3.636487667E0,-4.433438941E-1,-3.300649448E-1,-5.437331682E-1,7.753337568E-1
3.646440667E0,-5.764320407E-1,-2.969197105E-1,-4.582930684E-1,7.940199926E-1
3.656393667E0,-7.273616137E-1,-2.690738077E-1,-4.100664032E-1,8.772742365E-1
3.666346667E0,-7.479480520E-1,-2.215156254E-1,-4.205604011E-1,8.862090677E-1
3.676299667E0,-7.153797917E-1,-2.127119114E-1,-4.035385716E-1,8.484444486E-1
3.686252667E0,-6.671583889E-1,-2.226542245E-1,-3.464878732E-1,7.840465968E-1
3.696206667E0,-5.807790070E-1,-2.714376909E-1,-3.695112848E-1,7.399467985E-1
3.706159667E0,-4.844961228E-1,-3.067358699E-1,-3.658848417E-1,6.802169539E-1
3.716112667E0,-3.064284526E-1,-3.655797632E-1,-2.251055235E-1,5.274651235E-1
3.726065667E0,-5.475425927E-2,-4.018288457E-1,-9.446761608E-2,4.163995445E-1
3.736018667E0,6.866060089E-2,-4.344551396E-1,-9.591655612E-2,4.501838871E-1
3.745971667E0,1.792808030E-1,-4.864403951E-1,-2.068785828E-1,5.581797312E-1
3.755924667E0,2.087460373E-1,-4.943144019E-1,-3.868061793E-1,6.614685604E-1
3.765877667E0,8.934370100E-2,-5.273673964E-1,-4.747991735E-1,7.152152982E-1
3.775830667E0,-6.251835667E-2,-6.360738596E-1,-5.334976172E-1,8.325372108E-1
3.785783667E0,-2.994734088E-1,-7.789858036E-1,-6.497285700E-1,1.057662715E0
3.795736667E0,-4.830415548E-1,-8.079663585E-1,-8.270863152E-1,1.253080426E0
3.805689667E0,-6.523352587E-1,-8.083598761E-1,-1.090013968E0,1.505694999E0
3.815642667E0,-7.672466411E-1,-9.141855624E-1,-1.333076876E0,1.789272648E0
3.825595667E0,-8.013298418E-1,-9.935466045E-1,-1.605658282E0,2.051195478E0
3.835548667E0,-7.418001433E-1,-1.017033262E0,-1.806368637E0,2.201724724E0
3.845501667E0,-6.386347208E-1,-1.018950125E0,-1.839634032E0,2.197809599E0
3.855454667E0,-5.378122777E-1,-1.103030017E0,-1.685390330E0,2.084816018E0
3.865407667E0,-4.135811279E-1,-1.258358961E0,-1.317965332E0,1.868568768E0
3.875360667E0,-3.047493881E-1,-1.415011424E0,-7.864236081E-1,1.647298276E0
3.885313667E0,-1.775855308E-1,-1.549393449E0,-2.443054408E-1,1.578556882E0
3.895266667E0,-9.404175606E-2,-1.587144682E0,5.227001488E-2,1.590787304E0
3.905219667E0,-1.368787137E-1,-1.679253823E0,1.852965099E-1,1.694982000E0
3.915172667E0,-1.729542071E-1,-1.784658949E0,2.532399863E-1,1.810815068E0
3.925125667E0,-1.304824080E-1,-1.834087655E0,2.108044034E-1,1.850767863E0
3.935078667E0,-1.831026345E-1,-1.862288192E0,2.815200448E-2,1.871479740E0
3.945031667E0,-3.079742006E-1,-1.900295678E0,-1.576730937E-1,1.931536326E0
3.954984667E0,-2.350687404E-1,-1.957287027E0,-2.757412416E-1,1.990543406E0
3.964937667E0,-2.065306004E-1,-1.935107076E0,-3.158806229E-1,1.971566599E0
3.974890667E0,-1.239110512E-1,-1.943259265E0,-3.065566528E-1,1.971189362E0
3.984843667E0,-6.130586341E-2,-1.977512546E0,-2.670902860E-1,1.996409652E0
3.994796667E0,-5.182001682E-2,-2.017314105E0,-1.673028731E-1,2.024902902E0
4.004749667E0,4.728570208E-4,-2.142370552E0,-2.690128505E-2,2.142539495E0
4.014702667E0,-5.868554335E-2,-2.274511486E0,1.630817682E-1,2.281105468E0
4.024655667E0,-1.046898464E-1,-2.343472671E0,2.939523947E-1,2.364155691E0
4.034608667E0,-1.563798175E-1,-2.429480389E0,3.163098085E-1,2.454970774E0
4.044561667E0,-2.681681837E-1,-2.512568446E0,3.017952651E-1,2.544797586E0
4.054514667E0,-3.290698218E-1,-2.643048479E0,3.398629779E-1,2.685051034E0
4.064467667E0,-3.683465560E-1,-2.847650741E0,4.686438096E-1,2.909367792E0
4.074420667E0,-3.468498158E-1,-3.016290287E0,5.965890741E-1,3.094225334E0
4.084373667E0,-3.384843506E-1,-3.093003418E0,6.085735273E-1,3.170426397E0
4.094326667E0,-4.548822413E-1,-3.137702458E0,5.332713300E-1,3.215038550E0
4.104279667E0,-6.858374655E-1,-3.192435905E0,4.490989065E-1,3.296014239E0
4.114232667E0,-9.058431937E-1,-3.255316862E0,5.368299454E-1,3.421377815E0
4.124185667E0,-1.081774218E0,-3.271723564E0,7.572553575E-1,3.528150538E0
4.134138667E0,-1.133472229E0,-3.287739088E0,1.056161513E0,3.634482734E0
4.144091667E0,-1.039426051E0,-3.337403584E0,1.231662768E0,3.706165453E0
4.154044667E0,-9.393990487E-1,-3.381182564E0,1.152856334E0,3.693770950E0
4.163997667E0,-9.060028227E-1,-3.412135093E0,8.874810362E-1,3.640210103E0
4.173950667E0,-7.868295510E-1,-3.395745347E0,5.246811855E-1,3.524979085E0
4.183903667E0,-6.932398944E-1,-3.347356422E0,5.806425476E-1,3.467350910E0
4.193856667E0,-7.605029011E-1,-3.218774980E0,9.986091238E-1,3.454865731E0
4.203809667E0,-9.054905335E-1,-3.013706988E0,1.515369086E0,3.492661790E0
4.213762667E0,-1.124754177E0,-2.898806861E0,1.726272308E0,3.556426473E0
4.223715667E0,-1.196855681E0,-2.797388952E0,1.697905710E0,3.484355360E0
4.233668667E0,-9.468508865E-1,-2.520063992E0,1.504087468E0,3.083752298E0
4.243621667E0,-5.133711721E-1,-2.204828902E0,1.227551005E0,2.575209102E0
4.253574667E0,-8.894788105E-2,-1.928926570E0,8.689073557E-1,2.117467693E0
4.263527667E0,1.746966408E-1,-1.813794893E0,6.638992971E-1,1.939364099E0
4.273480667E0,1.852208615E-1,-1.942923634E0,7.712927681E-1,2.098607050E0
4.283433667E0,4.980117425E-2,-2.107485625E0,1.167735744E0,2.409892650E0
4.293386667E0,-2.776051147E-1,-2.006495001E0,1.547943925E0,2.549356229E0
4.303339667E0,-7.697139468E-1,-1.644684646E0,1.708865147E0,2.493525062E0
4.313292667E0,-1.260802805E0,-1.213695005E0,1.662528301E0,2.413851618E0
4.323245667E0,-1.123419477E0,-4.886975665E-1,7.696999866E-1,1.446836101E0
4.333198667E0,-7.416047732E-1,1.487897113E-1,-3.149859989E-1,8.193486421E-1
4.343151667E0,-1.773132332E-1,5.347967224E-1,1.164461303E-1,5.753322677E-1
4.353104667E0,4.058583082E-1,5.911577417E-1,6.693898326E-1,9.809542242E-1
4.363057667E0,5.381919812E-1,3.666593054E-1,1.239206260E0,1.399900643E0
4.373010667E0,4.293340020E-1,2.461723106E-1,2.068754253E0,2.127127794E0
4.382963667E0,1.801461361E-1,4.308289889E-1,2.761186209E0,2.800395602E0
4.392916667E0,-6.207550317E-2,9.738709431E-1,2.937713649E0,3.095551561E0
4.402869667E0,-1.499135461E-1,1.547162444E0,2.472334925E0,2.920381085E0
4.412822667E0,-1.341930876E-1,2.013295167E0,1.632274808E0,2.595320069E0
4.422775667E0,-9.683873512E-2,2.398593349E0,7.193601376E-1,2.506014127E0
4.432728667E0,1.241180427E-1,2.842539105E0,4.164679348E-2,2.845552373E0
4.442681667E0,4.184616892E-1,3.309367939E0,-2.701758617E-1,3.346643294E0
4.452634667E0,6.236990317E-1,3.487053713E0,-1.993058538E-1,3.547994772E0
4.462587667E0,6.234147839E-1,3.365765211E0,3.405547035E-1,3.439912637E0
4.472540667E0,4.848699061E-1,3.159803471E0,1.154112900E0,3.398739971E0
4.482494667E0,4.534667766E-1,3.126110353E0,1.932999448E0,3.703334298E0
4.492447667E0,5.159595517E-1,3.222337104E0,2.504201081E0,4.113477084E0
4.502400667E0,6.250302965E-1,3.274799200E0,2.717028036E0,4.300838758E0
4.512353667E0,8.338167527E-1,3.220272452E0,2.601706325E0,4.223065338E0
4.522306667E0,1.083755547E0,3.088746645E0,2.314985767E0,4.009244445E0
4.532259667E0,1.364467361E0,2.937588811E0,1.986019076E0,3.799404028E0
4.542213667E0,1.526118023E0,2.794678183E0,1.638523142E0,3.581064151E0
4.552166667E0,1.493154198E0,2.669850946E0,1.356452875E0,3.346278221E0
4.562119667E0,1.341632083E0,2.606892806E0,8.711550254E-1,3.058558128E0
4.572072667E0,1.096209459E0,2.535938306E0,1.417230588E-1,2.766359285E0
4.582025667E0,7.864706782E-1,2.476072758E0,-5.499610376E-1,2.655546944E0
4.591978667E0,5.244849018E-1,2.438466682E0,-1.131449677E0,2.738865193E0
4.601931667E0,3.070490249E-1,2.463774601E0,-1.615029615E0,2.961888763E0
4.611884667E0,1.859658699E-1,2.450778872E0,-2.013595129E0,3.177336263E0
4.621837667E0,1.653184012E-1,2.568545596E0,-2.338620797E0,3.477629061E0
4.631790667E0,2.468282768E-1,2.710921204E0,-2.494737947E0,3.692388847E0
4.641743667E0,3.786934234E-1,2.804830703E0,-2.445225479E0,3.740268924E0
4.651696667E0,4.796196181E-1,2.879105837E0,-2.194437230E0,3.651690041E0
4.661649667E0,5.383693711E-1,2.790365277E0,-1.664281297E0,3.293298072E0
4.671602667E0,7.284581859E-1,2.522731784E0,-1.152221911E0,2.867480134E0
4.681555667E0,8.086370341E-1,2.210403345E0,-8.666152471E-1,2.508146484E0
4.691508667E0,9.056644151E-1,1.984560926E0,-8.665152597E-1,2.347244938E0
4.701461667E0,9.441358781E-1,1.824585930E0,-9.320017362E-1,2.255910816E0
4.711414667E0,8.640902732E-1,1.695598107E0,-7.986419499E-1,2.063863829E0
4.721367667E0,7.679447986E-1,1.553693784E0,-5.155992901E-1,1.808188656E0
4.731320667E0,6.901871362E-1,1.360651906E0,-4.462828875E-1,1.589622694E0
4.741273667E0,5.136412769E-1,1.254236090E0,-5.649492055E-1,1.468367507E0
4.751226667E0,4.600491334E-1,1.156168855E0,-6.140558767E-1,1.387600896E0
4.761179667E0,5.144648572E-1,1.046623828E0,-5.339314806E-1,1.282645061E0
4.771132667E0,5.007776583E-1,9.265968624E-1,-3.573239332E-1,1.112223180E0
4.781085667E0,3.537725172E-1,8.175812276E-1,-3.331983215E-1,9.511126006E-1
4.791038667E0,1.844200488E-1,7.406460491E-1,-3.161753225E-1,8.261562558E-1
4.800991667E0,1.836847980E-1,7.979690816E-1,-2.951335323E-1,8.704013798E-1
4.810944667E0,1.803806460E-1,9.769173425E-1,-4.326372403E-1,1.083549562E0
4.820897667E0,1.749183599E-1,1.171792396E0,-7.555304289E-1,1.405176174E0
4.830850667E0,1.540549463E-1,1.205678764E0,-1.009166272E0,1.579813525E0
4.840803667E0,3.040564747E-1,1.122196166E0,-1.036638830E0,1.557688877E0
4.850756667E0,4.244082344E-1,9.672131572E-1,-7.710489392E-1,1.307723253E0
4.860709667E0,3.014104817E-1,7.442410634E-1,-3.731833363E-1,8.854427376E-1
4.870662667E0,1.090565470E-1,5.198354882E-1,2.589030147E-2,5.317824489E-1
4.880615667E0,-1.708251262E-2,3.335757958E-1,3.784814984E-1,5.047899250E-1
4.890568667E0,-1.134877498E-1,1.722354381E-1,6.996795791E-1,7.294491270E-1
4.900521667E0,-1.727511625E-1,6.899378255E-2,9.760242534E-1,9.935926979E-1
4.910474667E0,-6.368959051E-2,2.092221469E-2,1.093840971E0,1.095893322E0
4.920427667E0,5.107140876E-2,1.587168217E-2,1.135974838E0,1.137233059E0
4.930380667E0,2.168688066E-1,1.435980782E-1,9.575809658E-1,9.922770749E-1
4.940333667E0,3.728994905E-1,3.832581619E-1,5.733925849E-1,7.840407548E-1
4.950286667E0,3.698936196E-1,6.245940211E-1,3.040435195E-2,7.265420881E-1
4.960239667E0,2.622928283E-1,7.554596045E-1,-6.337130463E-1,1.020347474E0
4.970192667E0,1.968004681E-1,7.735672619E-1,-1.188612642E0,1.431760017E0
4.980145667E0,2.709469816E-1,8.019792482E-1,-1.608342154E0,1.817511339E0
4.990098667E0,3.539409901E-1,9.033620008E-1,-1.907289825E0,2.139881213E0
5.000051667E0,3.582268164E-1,1.000064715E0,-1.968875624E0,2.237169441E0
5.010004667E0,3.716971933E-1,9.965120199E-1,-1.755290869E0,2.052374490E0
5.019957667E0,4.458117115E-1,9.377320075E-1,-1.395418720E0,1.739334011E0
5.029910667E0,5.194425553E-1,8.261396509E-1,-9.505263001E-1,1.362287612E0
5.039863667E0,5.712848099E-1,7.303763650E-1,-5.033546358E-1,1.055074338E0
5.049816667E0,6.272745310E-1,5.995818253E-1,-9.127328217E-2,8.725265122E-1
5.059769667E0,5.375181262E-1,4.843114239E-1,1.646903372E-1,7.420284351E-1
5.069722667E0,2.684617504E-1,3.545790309E-1,3.334865892E-1,5.558878536E-1
5.079675667E0,4.693480519E-2,2.118634073E-1,4.674708581E-1,5.153813951E-1
5.089628667E0,-1.259587918E-1,8.749378815E-2,6.516178054E-1,6.694225455E-1
5.099581667E0,-1.558333038E-1,8.982054144E-3,7.815265650E-1,7.969620239E-1
5.109534667E0,-2.199000946E-1,-8.163517043E-3,7.570302397E-1,7.883637983E-1
5.119487667E0,-3.061424689E-1,5.303234562E-2,5.345863688E-1,6.183188713E-1
5.129440667E0,-3.709793745E-1,2.184676912E-1,2.587983495E-1,5.023250084E-1
5.139393667E0,-4.294999167E-1,4.199487823E-1,-4.816760838E-2,6.026170233E-1
5.149346667E0,-4.191451556E-1,5.439305118E-1,-3.169091481E-1,7.562899386E-1
5.159299667E0,-4.102788763E-1,5.928142579E-1,-5.209664494E-1,8.894737445E-1
5.169252667E0,-4.625636189E-1,6.506891213E-1,-7.022377360E-1,1.063249393E0
5.179205667E0,-5.935525785E-1,6.768574579E-1,-8.354414016E-1,1.228170598E0
5.189158667E0,-7.163688482E-1,6.801175730E-1,-8.133079362E-1,1.279536650E0
5.199111667E0,-7.379337450E-1,6.357337710E-1,-6.960467041E-1,1.197156904E0
5.209064667E0,-7.647119462E-1,6.099960818E-1,-6.365711653E-1,1.167091440E0
5.219017667E0,-8.270763749E-1,6.973383540E-1,-7.135006428E-1,1.295924102E0
5.228970667E0,-7.987672996E-1,7.924335225E-1,-7.144519848E-1,1.332824717E0
5.238923667E0,-7.668816286E-1,8.014891785E-1,-6.745985323E-1,1.298297160E0
5.248876667E0,-7.227342734E-1,8.003268982E-1,-6.589361805E-1,1.263750317E0
5.258829667E0,-6.436296317E-1,7.871077323E-1,-5.892753768E-1,1.175177925E0
5.268782667E0,-5.860904715E-1,8.120479343E-1,-4.872315234E-1,1.113695850E0
5.278735667E0,-5.869271715E-1,8.461393212E-1,-4.487492430E-1,1.123303672E0
5.288688667E0,-5.700400473E-1,8.280158032E-1,-4.849920398E-1,1.116142063E0
5.298641667E0,-6.058053093E-1,7.477689810E-1,-4.086180478E-1,1.045527250E0
5.308594667E0,-6.007906275E-1,7.551932638E-1,-3.273277169E-1,1.019023885E0
5.318547667E0,-6.317678238E-1,7.621569322E-1,-3.252443540E-1,1.042016153E0
5.328500667E0,-7.097752355E-1,7.100956629E-1,-3.178973275E-1,1.053126510E0
5.338453667E0,-8.764004163E-1,5.762698536E-1,-2.593947655E-1,1.080486131E0
5.348406667E0,-1.005957612E0,3.804564685E-1,-3.998209119E-2,1.076241799E0
5.358359667E0,-1.101368092E0,3.308652824E-1,3.086277366E-2,1.150406893E0
5.368312667E0,-1.159572592E0,3.300603401E-1,-1.411938858E-1,1.213871549E0
5.378265667E0,-1.095839038E0,3.670671487E-1,-2.808645719E-1,1.189321822E0
5.388218667E0,-1.011654774E0,4.776904023E-1,-3.643511170E-1,1.176599013E0
5.398171667E0,-9.957901081E-1,5.589849725E-1,-4.490451121E-1,1.227071168E0
5.408124667E0,-1.069122890E0,5.394723022E-1,-6.306374109E-1,1.353424421E0
5.418077667E0,-1.155810640E0,4.948958344E-1,-8.068619657E-1,1.493936529E0
5.428030667E0,-1.162796162E0,4.668040562E-1,-7.720148993E-1,1.471736371E0
5.437983667E0,-1.126278473E0,4.531637447E-1,-7.071289319E-1,1.404952634E0
5.447936667E0,-1.087138015E0,4.760098395E-1,-6.721292531E-1,1.363895951E0
5.457889667E0,-1.103781165E0,5.536575743E-1,-5.775517094E-1,1.363244492E0
5.467842667E0,-1.139137670E0,5.795924608E-1,-5.175662935E-1,1.378926002E0
5.477795667E0,-1.277414891E0,5.107547989E-1,-5.173025841E-1,1.469782716E0
5.487748667E0,-1.324302252E0,4.433050467E-1,-6.208509260E-1,1.528316620E0
5.497701667E0,-1.305914366E0,4.600338576E-1,-7.999259984E-1,1.599038800E0
5.507654667E0,-1.300807993E0,4.907834145E-1,-8.959899044E-1,1.654015630E0
5.517607667E0,-1.174928257E0,5.203282258E-1,-1.038965437E0,1.652466959E0
5.527560667E0,-1.109733995E0,5.237093052E-1,-1.067785193E0,1.626636467E0
5.537513667E0,-1.030922592E0,5.077440675E-1,-9.748553950E-1,1.506966645E0
5.547466708E0,-9.480239841E-1,4.404287282E-1,-8.151463008E-1,1.325590597E0
5.557419708E0,-9.830406198E-1,3.569399174E-1,-4.196283549E-1,1.126881946E0
5.567372708E0,-1.103850381E0,2.710403726E-1,1.200725734E-2,1.136702565E0
5.577325708E0,-1.310990919E0,1.952484709E-1,2.078708553E-1,1.341651761E0
5.587278708E0,-1.428831756E0,1.390707618E-1,2.205610675E-1,1.452428328E0
5.597231708E0,-1.417449128E0,1.154660638E-1,8.868355036E-2,1.424906739E0
5.607184708E0,-1.328604341E0,1.113792256E-1,-8.675396919E-2,1.336084233E0
5.617137708E0,-1.245878226E0,1.077114864E-1,-2.355176604E-1,1.272510466E0
5.627090708E0,-1.265232948E0,1.218559742E-1,-4.506080729E-1,1.348595909E0
5.637043708E0,-1.387012909E0,1.296749441E-1,-7.089240271E-1,1.563071872E0
5.646996708E0,-1.607513457E0,6.686503060E-2,-8.934791100E-1,1.840346535E0
5.656949708E0,-1.722636655E0,-2.757926971E-2,-1.027041210E0,2.005754548E0
5.666902708E0,-1.826507325E0,-4.057646066E-2,-1.189202626E0,2.179903288E0
5.676855708E0,-1.951114999E0,-4.230248563E-2,-1.338464500E0,2.366458632E0
5.686808708E0,-2.053944426E0,-5.236473978E-3,-1.405897515E0,2.489028515E0
5.696761708E0,-2.080671902E0,-2.399587668E-2,-1.360802034E0,2.486273022E0
5.706714708E0,-2.037475743E0,-7.697501265E-2,-1.284149129E0,2.409620622E0
5.716667708E0,-2.142614381E0,-1.482481860E-1,-1.155074183E0,2.438641072E0
5.726620708E0,-2.180469109E0,-1.684946819E-1,-1.065951506E0,2.432917715E0
5.736573708E0,-2.131183513E0,-1.356469247E-1,-1.196396456E0,2.447796506E0
5.746526708E0,-2.157298786E0,-1.055944289E-1,-1.460782989E0,2.607484454E0
5.756479708E0,-2.375466442E0,-2.140127707E-1,-1.522734239E0,2.829728228E0
5.766432708E0,-2.698655207E0,-4.751836279E-1,-1.319958647E0,3.041517753E0
5.776385708E0,-2.986818859E0,-6.479301126E-1,-9.327829242E-1,3.195463082E0
5.786338708E0,-3.137018334E0,-8.032065788E-1,-5.819587559E-1,3.290091310E0
5.796291708E0,-3.290815308E0,-9.867549174E-1,-2.289734566E-1,3.443193213E0
5.806244708E0,-3.591959193E0,-1.029291511E0,2.522377735E-1,3.745028138E0
5.816197708E0,-3.770520588E0,-9.348662871E-1,9.295073140E-1,3.994344042E0
5.826150708E0,-3.898596830E0,-8.435338019E-1,1.678548503E0,4.327601136E0
5.836103708E0,-3.926386600E0,-7.276207915E-1,2.384221478E0,4.650855384E0
5.846056708E0,-4.030577258E0,-6.734116937E-1,3.003018862E0,5.071208794E0
5.856009708E0,-4.087930258E0,-5.691975001E-1,3.276383210E0,5.269710289E0
5.865962708E0,-4.100891781E0,-4.783769386E-1,3.037897503E0,5.125912517E0
5.875915708E0,-4.010661934E0,-5.202449030E-1,2.598631275E0,4.807176761E0
5.885868708E0,-3.973931479E0,-6.847937375E-1,2.387175491E0,4.686115736E0
5.895821708E0,-3.894224867E0,-8.749928454E-1,2.531533306E0,4.726442708E0
5.905774708E0,-3.795525036E0,-1.169993061E0,2.997515463E0,4.975941420E0
5.915727708E0,-3.687772838E0,-1.538663370E0,3.770689865E0,5.494110986E0
5.925680708E0,-3.548460587E0,-1.810951685E0,4.497594080E0,6.008283536E0
5.935633708E0,-3.286660569E0,-1.943436143E0,4.981287453E0,6.276329057E0
5.945586708E0,-2.933532305E0,-1.864598280E0,5.180789189E0,6.238823219E0
5.955539708E0,-2.264553093E0,-1.625544370E0,5.103351588E0,5.815048809E0
5.965492708E0,-1.561495578E0,-1.366766486E0,5.052230551E0,5.461808547E0
5.975445708E0,-8.472581859E-1,-9.722851782E-1,4.456316246E0,4.639174429E0
5.985398708E0,-7.870973535E-1,-5.503780903E-1,3.309097213E0,3.445658522E0
5.995351708E0,-7.173747155E-1,-1.387136431E-1,2.808151630E0,2.901651863E0
6.005304708E0,-4.384244489E-1,5.842245519E-3,2.342815005E0,2.383491615E0
6.015257708E0,-2.334171212E-1,-3.434822582E-2,1.657565770E0,1.674272270E0
6.025210708E0,8.185831480E-2,2.337643728E-3,1.243447831E0,1.246141547E0
6.035163708E0,7.040324657E-1,2.529151735E-1,1.025084732E0,1.269025809E0
6.045116708E0,1.510393983E0,7.218075628E-1,1.341509730E0,2.145214324E0
6.055069708E0,2.111650158E0,6.129401549E-1,1.509597300E0,2.667141922E0
6.065022708E0,2.523579338E0,2.269584330E-1,1.734856605E0,3.070780071E0
6.074975708E0,2.829360358E0,1.328516632E-1,1.756356817E0,3.332824458E0
6.084928708E0,2.875160429E0,4.275226077E-1,1.384420107E0,3.219618316E0
6.094881708E0,2.821392065E0,7.471224251E-1,8.502179003E-1,3.039953220E0
6.104834708E0,2.720324112E0,8.460788025E-1,2.860107064E-2,2.849005201E0
6.114787708E0,2.557716845E0,8.010188431E-1,-8.615568209E-1,2.815284497E0
6.124740708E0,2.457438851E0,6.250620177E-1,-1.410999795E0,2.901831948E0
6.134693708E0,2.544307718E0,4.764640950E-1,-1.393351144E0,2.939718899E0
6.144646708E0,2.675054383E0,5.352390642E-1,-1.217312531E0,2.987347755E0
6.154599708E0,2.948516965E0,6.040853508E-1,-6.813970900E-1,3.085931528E0
6.164552708E0,3.385063361E0,6.427086952E-1,-1.549307495E-1,3.449018986E0
6.174505708E0,3.645535184E0,6.698568790E-1,2.703296435E-1,3.716411324E0
6.184458708E0,3.816107528E0,6.308649407E-1,6.613119042E-1,3.924028628E0
6.194411708E0,3.770468840E0,7.511627781E-1,4.765200090E-1,3.873984010E0
6.204364708E0,3.670356907E0,7.439483372E-1,2.958761287E-1,3.756663631E0
6.214317708E0,3.653427171E0,6.593317446E-1,-9.756196260E-2,3.713726804E0
6.224270708E0,3.766157103E0,4.989737557E-1,-4.800406176E-1,3.829275797E0
6.234223708E0,3.911573556E0,2.888140078E-1,-5.322679478E-1,3.958172606E0
6.244176708E0,4.009605927E0,1.705884236E-1,-4.208486688E-1,4.035238989E0
6.254129708E0,3.882729826E0,1.945106985E-1,-4.580591798E-1,3.914491477E0
6.264082708E0,3.612856557E0,2.361748143E-1,-6.407560176E-1,3.676830064E0
6.274035708E0,3.337572568E0,1.995801613E-1,-9.638018185E-1,3.479674817E0
6.283988708E0,3.081079776E0,1.292562103E-1,-1.381445044E0,3.379075341E0
6.293941708E0,2.864510895E0,1.191522217E-1,-1.713655770E0,3.340095211E0
6.303894708E0,2.799859693E0,9.576518632E-2,-1.870314372E0,3.368450849E0
6.313847708E0,2.875716791E0,-3.081190288E-2,-1.787238302E0,3.385988361E0
6.323800708E0,2.836542785E0,1.503377616E-1,-1.804789304E0,3.365388662E0
6.333753708E0,2.608634691E0,1.866026317E-1,-1.758571157E0,3.151565962E0
6.343706708E0,2.802053568E0,5.646795027E-2,-1.689309719E0,3.272378364E0
6.353659708E0,2.636287636E0,6.416522495E-2,-1.435403734E0,3.002417952E0
6.363612708E0,2.365825845E0,1.578466098E-1,-1.351692072E0,2.729307410E0
6.373565708E0,2.228713901E0,1.722216971E-1,-1.237353278E0,2.554969491E0
6.383518708E0,2.106356820E0,2.855587167E-1,-8.431351680E-1,2.286735609E0
6.393471708E0,2.176648831E0,3.694617297E-1,-4.187506878E-1,2.247143574E0
6.403424708E0,2.263347836E0,3.517879356E-1,-2.838571769E-1,2.308045293E0
6.413377708E0,2.238803271E0,1.566742431E-1,-1.881177914E-1,2.252149020E0
6.423330708E0,2.258613784E0,3.158051938E-2,1.101252902E-1,2.261517441E0
6.433283708E0,2.313389769E0,3.746676520E-2,3.879779613E-1,2.345997204E0
6.443236708E0,2.140334990E0,5.675088242E-2,4.016475821E-1,2.178434143E0
6.453189708E0,1.785239431E0,5.415910408E-2,2.248850834E-1,1.800162864E0
6.463142708E0,1.477811397E0,4.334540963E-2,-9.742279887E-2,1.481653317E0
6.473095708E0,1.226184000E0,8.005042881E-2,-4.209884173E-1,1.298909743E0
6.483048708E0,1.163361734E0,1.788701275E-1,-6.254959542E-1,1.332910438E0
6.493001708E0,1.282947234E0,3.141404915E-1,-6.890335536E-1,1.489766791E0
6.502954708E0,1.394581106E0,4.853716703E-1,-6.594770479E-1,1.617205026E0
6.512907708E0,1.380662248E0,4.871647190E-1,-3.853128004E-1,1.513943083E0
6.522860708E0,1.382976429E0,3.399069782E-1,7.273877800E-2,1.425991405E0
6.532813708E0,1.390665518E0,2.387504397E-1,4.161404908E-1,1.471096619E0
6.542765792E0,1.268906315E0,2.331641561E-1,5.904296172E-1,1.418836105E0
6.552718792E0,1.264678778E0,-8.202210993E-2,4.559617835E-1,1.346863463E0
6.562671792E0,8.986499490E-1,-1.006715119E-1,2.268064785E-1,9.322808927E-1
6.572624792E0,6.850072340E-1,5.876809873E-1,-1.989129210E-1,9.242132890E-1
6.582577792E0,6.797807734E-1,5.696429117E-1,-4.216210860E-1,9.820179667E-1
6.592530792E0,6.710979505E-1,4.122289959E-1,-7.635732740E-1,1.096972811E0
6.602483792E0,8.483618478E-1,4.226787011E-1,-1.101441767E0,1.453117020E0
6.612436792E0,8.087142905E-1,5.755431908E-1,-1.728702410E0,1.993409339E0
6.622389792E0,1.050917950E0,6.344440944E-1,-2.040036238E0,2.380902287E0
6.632342792E0,1.094815263E0,5.260487030E-1,-1.526135564E0,1.950496721E0
6.642295792E0,1.297599480E0,5.216667996E-1,-1.214263208E0,1.852116572E0
6.652248792E0,1.351538728E0,5.978497338E-1,-9.530680847E-1,1.758527797E0
6.662201792E0,1.366475733E0,5.903077027E-1,-3.172810310E-1,1.521967925E0
6.672154792E0,1.623971323E0,4.776119766E-1,3.397776085E-1,1.726512346E0
6.682107792E0,1.754964156E0,3.819048969E-1,8.378200489E-1,1.981840805E0
6.692060792E0,1.671441212E0,2.931979577E-1,1.099899271E0,2.022241127E0
6.702013792E0,1.319177021E0,1.375241733E-1,7.947851264E-1,1.546229061E0
6.711966792E0,1.194857322E0,1.129340002E-1,2.371899641E-1,1.223395761E0